Depth 1,Depth 2,Depth 3,기능 설명,구성요소 (필드명 | 타입 | 필수 | 동작 설명),유효성 검사,예외 처리 (상황 | 에러 메시지 | 복구 방법),화면 이동,기술 참고(DB 스키마),등급
1. 회원 및 사용자,1.1 로그인,1.1.1 이메일 로그인,"로그인 화면의 탭으로, 소셜 로그인(1.1.2)과 자유롭게 전환 가능한 이메일/비밀번호 로그인 영역입니다.","  • 이메일 | Email | 필수 | -
  • 비밀번호 | Password | 필수 | -
  • 로그인 | Button | - | -
  • 회원가입 | Button | - | “아직 계정이 없으신가요?” + 회원가입 버튼으로 고정 문구 노출","  • 이메일 | ~@~ 형식 필수
  • 비밀번호 | 1자 이상, 공백 불가","  • 존재하지 않는 이메일 | ""가입하지 않은 이메일입니다"" | 이메일 재입력 또는 회원가입
  • 비밀번호 오류 | ""비밀번호를 다시 확인해주세요"" | 비밀번호 재입력
  • 이메일 형식 오류 | ""올바른 이메일 형식을 입력해주세요"" | 이메일 재입력","  • 성공 → Depth 2: 2.1 아이 프로필 선택 화면

  • 실패 → 현재 화면 유지 (에러 메시지 표시)

  • ‘회원가입’ 클릭 → Depth2: 1.2 회원가입 화면 (Depth3: 1.2.1 계정 생성부터 시작)",,필수
,,1.1.2 소셜 로그인,"로그인 화면의 탭으로, 이메일 로그인(1.1.1)과 자유롭게 전환 가능한 카카오/구글/네이버 소셜 로그인 영역입니다.","  • 카카오 | Button | - | -
  • 구글 | Button | - | -
  • 네이버 | Button | - | -","  • 선택한 플랫폼 계정 연동 및 인증 필수","  • 소셜 로그인 인증 실패 | ""소셜 로그인에 실패했습니다"" | 에러 메시지 표시 후 현재 화면 유지, 사용자가 소셜 로그인 버튼 재클릭","  • 성공 → Depth2: 2.1 아이 프로필 선택 화면
  • 실패 → 현재 화면 유지 (에러 메시지 표시)",,필수
,1.2 회원가입,1.2.1 계정 생성,"신규 사용자가 이메일, 비밀번호, 휴대폰 인증을 통해 계정을 생성하는 화면입니다.
회원가입 2단계 중 1단계이며 상단 인디케이터에서 현재 단계(① 계정 생성)가 주황색으로 강조 표시됩니다.
이 단계를 완료(유효성 통과)해야 2단계로 진행 가능하며, 인디케이터를 클릭해 임의로 이전/다음 단계로 이동할 수 없습니다. (순차 진행형)
","  • 진행 단계 인디케이터 | Card | - | 현재 진행 중인 단계는 주황색 배경 + 검은색 텍스트로 강조 표시, 클릭 시 이동 불가 (표시 전용, 순차 진행에 따라 자동 갱신)
 • 이메일 | Email | 필수 | -
 • 비밀번호 | Password | 필수 | 	눈 모양 아이콘 클릭 시 마스킹 표시 ↔ 평문 표시 토글
  • 비밀번호 확인 | Password | 필수 | -
  • 휴대폰 번호 | Tel | 필수 | -
  • 인증번호 받기 | Button | 필수 | 클릭 시 SMS 발송, 인증번호 입력 필드·확인 버튼 활성화, 유효시간(3분) 카운트다운 시작
  • 인증번호 | Text | 필수 | 6자리 숫자만 입력 가능, 유효시간(3분) 경과 시 만료 처리
  • 확인(인증번호) | Button | - | 클릭 시 입력된 인증번호와 발송된 번호 일치 여부 검증
  • 전체 동의하기 | Checkbox | - | 클릭 시 하위 필수 동의 항목 전체 선택/해제 토글
  • 이용약관 및 개인정보 처리방침 동의 | Checkbox | 필수 | - 
  • 마케팅 및 광고성 정보 수신 동의 | Checkbox | -  | - 
  • 취소하기 | Button | - | -
다음	Button | - | 모든 필수 필드 유효성 통과 및 필수 약관 동의 완료 전까지 비활성화, 통과 시 활성화","  • 이메일 | ~@~ 형식 필수, 중복 가입 불가
  • 비밀번호 | 영문+숫자+특수문자 포함, 8~20자
  • 비밀번호 확인 | 비밀번호 필드와 값 일치
  • 휴대폰 번호 | 숫자만 입력, 01012345678 형식(11자리)
  • 인증번호 | 6자리 숫자, 발송된 인증번호와 일치, 유효시간(3분) 이내
  • 이용약관 및 개인정보 처리방침 동의 | 체크 필수","  • 이미 가입된 이메일	| ""이미 가입한 이메일입니다"" | 이메일 필드 재입력 (기존 필드 재사용)
  • 비밀번호 형식 불일치 | ""영문, 숫자, 특수문자를 포함해 8~20자로 입력해주세요"" | 비밀번호 필드 재입력 (기존 필드 재사용)
  • 비밀번호 확인 불일치 | ""비밀번호가 일치하지 않습니다"" | 비밀번호 확인 필드 재입력 (기존 필드 재사용)
  • 인증번호 유효시간 만료 | ""인증 시간이 만료되었습니다. 인증번호를 다시 받아주세요"" | ""인증번호 받기"" 버튼 재클릭 (기존 버튼 재사용)
  • 인증번호 불일치 | ""인증번호가 일치하지 않습니다"" | 인증번호 필드 재입력 후 ""확인"" 버튼 재클릭 (기존 요소 재사용)
  • 필수 약관 미동의 상태로 다음 클릭 시도 | ""필수 약관에 모두 동의해주세요"" | 미동의 항목 강조 표시, 체크박스 재선택 (기존 체크박스 재사용)","  • ‘다음’ 클릭 시 → Depth3: 1.2.2 아이 프로필 등록으로 자동 진행 (탭 직접 클릭으로는 이동 불가, 1단계 유효성 통과 시에만 진입 가능)

  • 실패 → 현재 화면 유지 (에러 메시지 표시)

  • ‘취소하기’ 클릭 시 → Depth2: 1.1 로그인 화면",,필수
,,1.2.2 아이 프로필 추가,"회원가입 2단계 중 2단계입니다. 1단계(계정 생성)의 유효성 통과가 완료되어야 진입 가능한 화면으로, 탭을 직접 클릭해서 건너뛸 수 없습니다(순차 진행형). ""이전"" 클릭 시 1단계로 돌아가되, 1단계에 입력했던 값(이메일/비밀번호/휴대폰 번호 등)은 유지됩니다.
상단 인디케이터에서 현재 단계(② 아이 프로필 등록)가 주황색으로 강조 표시되며, 인디케이터를 클릭해 임의로 이전/다음 단계로 이동할 수 없습니다. (순차 진행형)
한 화면 안에서 여러 아이를 등록할 수 있습니다. 최초 진입 시 ""아이1"" 탭이 기본 생성되어 선택된 상태(배경색 강조)로 표시되며, ""아이 추가하기"" 클릭 시 화면 상단 ""등록한 아이"" 탭에 다음 순번(아이2, 아이3)의 탭과 캐릭터 선택/아이 이름/생년월일 입력 박스가 새로 생성되어 자동으로 그 탭으로 전환됩니다. 등록된 아이들 사이는 탭 클릭으로 자유롭게(순서 무관) 전환하며 입력/수정할 수 있고, 등록 가능한 아이는 최대 3명입니다.","  • 진행 단계 인디케이터 | Card | - | 현재 진행 중인 단계는 주황색 배경 + 검은색 텍스트로 강조 표시, 클릭 시 이동 불가 (표시 전용, 순차 진행에 따라 자동 갱신)
 • 등록한 아이 | Card | - | 자유 전환형 탭. 최초 진입 시 ""아이1"" 탭이 기본 생성되어 선택 상태(배경색 강조)로 표시됨. 탭 클릭 시 해당 아이의 캐릭터/이름/생년월일 입력값으로 폼 전환, 다른 아이의 입력값은 유지된 채 보관. 선택된 탭은 배경색 채움, 미선택 탭은 outline만 표시
  • 아이 추가하기 | Button | - | 클릭 시 현재 선택된(활성) 아이 탭의 필수 항목(캐릭터 선택·아이 이름·생년월일 8자리)이 모두 유효성 통과했는지 우선 검사. (아동 개인정보 동의는 탭별 검사 대상 아님 - 화면 전체 공통 항목이므로 회원가입 버튼에서만 검사), 통과한 경우에만 ""등록한 아이"" 탭에 다음 순번(아이2/아이3) 탭 및 캐릭터 선택·아이 이름·생년월일 빈 입력 박스 신규 생성, 자동으로 새 탭으로 전환. 미통과 시 새 탭을 생성하지 않고 현재 탭 유지. 등록된 아이가 이미 3명(최대)이면 버튼 비활성화(클릭 불가)
• 캐릭터 선택 | Select(카드형) | 필수 | 클릭 시 선택된 아바타에 테두리 표시, 단일 선택(기존 선택 해제 후 신규 선택 적용), ""등록한 아이"" 탭에서 선택된 아이 기준으로 값 반영
  • 아이 이름 | Text | 필수 | -
  • 생년월일 | Date | 필수 | 숫자만 입력 가능(문자·기호 입력 차단), 8자리(YYYYMMDD) 형식으로 입력
  • 아동 개인정보 수집·이용 동의 | Checkbox | 필수 | ""등록한 아이"" 탭과 무관하게 화면 전체에서 1회만 노출·저장.
탭을 몇 개 추가하거나 전환해도 체크 상태는 유지되며,
아이별로 개별 동의를 받지 않음
  • 취소하기 | Button | - | 클릭 시 Depth3: 1.2.1 계정 생성 화면으로 이동, 1단계 입력값 유지
  • 회원가입 | Button | - | 등록한 아이 전체(각 탭)의 필수 필드(캐릭터 선택·아이 이름·생년월일)와 화면 공통 항목인 아동 개인정보 수집·이용 동의 체크 여부가 모두 유효성 통과 시
활성화, 클릭 시 회원가입 최종 처리","  • 등록한 아이 | 최소 1명(아이1 기본 생성) ~ 최대 3명까지 등록 가능  
 • 캐릭터 선택 | 최소 1개 선택 필수
 • 아이 이름 | 아이별로 1자 이상 입력 필수
  • 생년월일 | 아이별로 숫자 8자리(YYYYMMDD) 필수 입력, 유효한 날짜여야 하며 미래 날짜 입력 불가
  • 아동 개인정보 수집·이용 동의 | 아이별 체크 아님, 화면 전체 공통 항목으로 1회 체크 필수



검증 시점 | 검증 대상
""아이 추가하기"" 클릭 시 | 현재 선택된(활성) 탭 1개의 필수 항목 (캐릭터 선택·아이 이름·생년월일) — 동의 항목 제외
""회원가입"" 클릭 시 | 등록된 모든 탭(아이1~아이3)의 필수 항목 전체 + 화면 공통 동의 체크 여부(1회)","  • 캐릭터 미선택 | ""캐릭터를 선택해주세요"" | 캐릭터 선택 영역 강조 표시 후 재선택 (기존 영역 재사용)
  • 아이 이름 미입력 | ""아이 이름을 입력해주세요"" | 아이 이름 필드 재입력 (기존 필드 재사용)
  • 생년월일 미입력/8자리 미만 | """"생년월일 8자리를 입력해주세요 (예: 20190101)” | 생년월일 필드 재입력 (기존 필드 재사용)
  • 생년월일에 숫자 외 문자 입력 시도 | 	(입력 자체를 차단, 별도 에러 메시지 없음) | 숫자 이외 입력 즉시 필터링 (기존 필드 재사용)
  • 유효하지 않은 날짜(예: 존재하지 않는 날짜)·미래 날짜 입력 | ""올바른 생년월일을 입력해주세요"" | 생년월일 필드 재입력 (기존 필드 재사용)
  • 필수 약관 미동의 상태로 ""회원가입"" 클릭 | ""필수 약관에 동의해주세요"" | 체크박스 재선택 (기존 체크박스 재사용)
  • 현재 탭의 필수 항목(캐릭터·이름·생년월일)이 미통과 상태에서 ""아이 추가하기"" 클릭 | ""OO(아이 이름)의 필수 정보를 먼저 입력해주세요"" | 미통과 필드 강조 표시, 새 탭은 생성하지 않고 현재 탭 유지 (기존 탭·필드 재사용)
  • 이미 3명 등록된 상태 (아이 추가하기 비활성) | (버튼 비활성으로 클릭 자체 불가, 필요 시 툴팁 노출) | ""아이는 최대 3명까지 등록할 수 있어요"" 툴팁 표시 (신규 UI 요소, 선택 적용)
  • 마지막(최종) 탭에 미입력/오류 항목이 있는 상태로 ""회원가입"" 클릭 | ""OO(아이 이름)의 정보를 확인해주세요"" | 오류가 있는 탭으로 자동 전환 후 해당 필드 강조 (기존 탭·필드 재사용)","  • ‘완료하기’ 클릭 성공 → Depth2: 2.1 아이 프로필 선택 화면

  • 실패 → 현재 화면 유지 (에러 메시지 표시)

  • 취소하기 버튼 클릭 → Depth3: 1.2.1 계정 생성으로 이동, 1단계 입력값 유지",,필수
,2.0 홈 화면,,"사용자가 앱 접속 시 선택된 아이의 학습 현황을 확인하고, 이어보던 이야기를 계속하거나 추천 이야기를 탐색하는 화면입니다.


진행 중인 이야기가 있는 경우 이어하기 섹션을 노출한다.
진행 중인 이야기가 없는 경우에는 이어하기 섹션은 노출하지 않고 추천이야기만 보여주며, 방귀 뀌는 며느리는 첫번째 고정 노출하도록 한다. ","  • 인사말 + 이름 표시	| Card | - | ""반가워요 {이름} 어린이"" 형식. {이름}은 아이 name의 첫 글자(성으로 간주)를 제외한 나머지 문자열 (예: ""김민지"" → ""민지"")
• 프로필 아이콘 | Button | - | 클릭 시 2.1 아이 프로필 선택 화면으로 이동
• 이어하기
ㄴ 이야기 대표 이미지 | Card | - | 이야기의 대표 이미지 표시
ㄴ 태그(핵심단어/난이도) | Card | - | 이야기에 매핑된 핵심 단어 리스트 및 난이도 배지 표시
ㄴ 제목 | Card | - | 이야기 제목 표시
ㄴ 장면 정보 | Card | - | ""장면 n/N 진행 중 ··· "" 형식으로 표시. n, N 계산은 https://app.notion.com/p/3b7b9644f0bd80a68b5bdf84621a243e?pvs=21  참고
ㄴ 진행률 퍼센트 | Card | - | 진행률(%) 계산은 https://app.notion.com/p/3b7b9644f0bd80a68b5bdf84621a243e?pvs=21참고
ㄴ 진행률 바 | Chart | - | 진행률 바(%) 계산은 [https://app.notion.com/p/3b7b9644f0bd80a68b5bdf84621a243e?pvs=21참고하여 진행률을 프로그레스 바로 표현
ㄴ 이야기 계속하기 버튼 | Button | - | n 계산은 https://app.notion.com/p/3b7b9644f0bd80a68b5bdf84621a243e?pvs=21참고하여 n번째 장면으로 이동
• 추천 이야기 카드 (3x2, 총 6개) | Select(카드형) | - | 3열 2행 배열로 총 6개 고정 노출. 진행 중인 이야기가 없을 경우 첫 번째 카드는 '방귀 뀌는 며느리' 고정, 나머지 5개는 정렬 기준 없이 임의 노출, '방귀 뀌는 며느리'만 클릭 가능, 나머지 5개는 클릭 불가(MVP), 이야기 제목, 핵심 단어, 이야기 난이도, 소요시간 표시
• 모두 보기 버튼	| Button | - | -
• 하단 내비게이션 (홈/이야기/단어집/마이페이지) | Button | - | -"," • 이어하기 진행률 바 | 계산값 0~100% 범위, 소수점은 반올림하여 정수로 표시 
  •  이름 표시 | name의 첫 글자(성) 제외 후 나머지 표시.","• 활동 기록 있으나 미완료 | (이어하기 카드 노출) | -
• 진행 중인 이야기 없음 | (이어하기 카드 미노출, 추천 이야기 6개 중 1번 카드 '방귀 뀌는 며느리' 고정 노출) | 추천 이야기 카드에서 새 이야기 선택
  • 추천 이야기 중 미공개 이야기 클릭 시도 | (클릭 자체 비활성 처리, 별도 에러 메시지 없음) | 클릭 이벤트 미부여 (커서 default, 클릭 무반응)","  • 이야기 계속하기 클릭 → Depth2: Depth2: 2.4 이야기 진행 화면으로 이동(n 계산은 https://app.notion.com/p/3b7b9644f0bd80a68b5bdf84621a243e?pvs=21참고하여 n번째 화면으로 이동)
   
  • 추천 이야기 카드 - '방귀 뀌는 며느리' 클릭→ Depth2: 2.3 이야기 상세 화면
  • 추천 이야기 카드 - 그 외 5개 클릭 → 동작 없음 (MVP 범위 외, 클릭 비활성)

  • 모두 보기 클릭 → Depth2: 2.2 이야기 목록 화면
   
  • 프로필 아이콘 클릭 → Depth2: 2.1 아이 프로필 선택 화면

  • 하단 내비게이션 클릭 
→ 홈: 현재 화면 유지
→ 이야기: Depth2: 2.2 이야기 목록 화면
→ 단어집 : 현재 이동 없음
→ 마이페이지: Depth1: 3 마이페이지 ","- story_scenes 테이블에 scene_type 컬럼 추가 필요
(값: 도입 / 전개 / 대화 — 현재는 순서 컬럼만 있어 장면 유형 구분 불가)

- ""장면 수""는 story_scenes를 scene_type 기준으로 집계 시,
전개n과 대화n을 한 쌍으로 묶어 1개로 카운트 (도입은 카운트 제외)

- 현재 진행 지점 판별은 story_sessions.current_scene_id +
scene_goal_met 값을 조합해서 계산 (위 n 계산 규칙 참고)",필수
,2.1 아이 프로필 선택,,"사용자가 학습할 아이 프로필을 선택하는 화면입니다. 
아이 프로필은 최대 3명까지 등록 가능하며, 등록된 프로필이 3명일 경우 ""아이 추가"" 카드는 노출되지 않습니다.","  • 아이 프로필 카드 (반복, 최대 3개) | Select(카드형) | 필수 | 클릭 시 선택된 카드에 테두리 표시. 단일 선택만 가능하며, 다른 카드 클릭 시 기존 선택 해제 후 신규 카드에 테두리 적용
ㄴ 캐릭터 사진 | Card | - | -
ㄴ 이름 | Card | - | -
ㄴ 만 나이 배지 | Card | - | 생년월일 기준으로 만 나이를 자동 계산하여 배지에 표시 (예: ""만 6세"")
  • 아이 추가 카드 | Button | - | 등록된 프로필이 3명 미만일 때만 노출 (3명 도달 시 카드 자체 숨김)","  • 프로필 카드 개수 | 최대 3개까지만 등록/노출 가능
  • 만 나이 배지 | 생년월일 기준 계산값이 0세 미만/150세 이상이면 비정상 데이터로 처리 (표시하지 않음)
  • 아이 프로필 카드 선택 | 반드시 하나를 선택해야 다음 화면으로 진행 (선택 전에는 하이라이트 없음, 진행 불가)","  • 등록된 프로필 없음 | ""아직 등록된 친구가 없어요"" | ""아이 추가"" 카드만 노출, 클릭 시 등록 유도
  • 아이 추가 시도 (이미 3명) | (버튼/카드 자체 미노출로 사전 차단) | -","  • 아이 프로필 카드 클릭 → Depth2: 2.0 홈 화면 (선택된 아이 컨텍스트로 진입)

 • 아이 추가 카드 클릭 → Depth2: 2.1.1 아이 프로필 추가 (완료 후 Depth2: 2.1 아이 프로필 선택 화면으로 복귀)",,필수
,2.1.1 아이 프로필 추가,,"2.1 아이 프로필 선택 화면에서 ""아이 추가"" 클릭 시 진입하는 화면으로,
아이 1명의 캐릭터·이름·생년월일을 입력하고 약관 동의 후 등록을 완료하는 화면입니다.
등록된 아이가 3명 미만일 때만 진입 가능하며, 2명 이상 등록하려면
2.1 화면에서 ""아이 추가""를 다시 클릭해 이 화면에 재진입해야 합니다.","  • 캐릭터 선택 | Select(카드형) | 필수 | 클릭 시 선택된 아바타에 테두리 표시, 단일 선택(기존 선택 해제 후 신규 선택 적용).
  • 아이 이름 | Text | 필수 | - 
  • 생년월일 | Date | 필수 | 숫자만 입력 가능(문자·기호 입력 차단), 8자리(YYYYMMDD) 형식으로 입력
  • 아동 개인정보 수집 이용 동의 | Checkbox | 필수 | -
  • 취소하기 | Button | - | -
  • 완료하기 | Button | - | 이 화면의 필수 필드(캐릭터·이름·생년월일)와 동의 체크 여부가 통과 시 활성화","  • 등록한 아이 | 최소 1명(아이1 기본 생성) ~ 최대 3명까지 등록 가능
  •  캐릭터 선택 | 아이별로 최소 1개 선택 필수
  • 아이 이름 | 아이별로 1자 이상 입력 필수
  • 생년월일 | 아이별로 숫자 8자리(YYYYMMDD) 필수 입력, 유효한 날짜여야 하며 미래 날짜 입력 불가
  • 아동 개인저 동의 | 1회 체크 필수



검증 시점 | 검증 대상
  • ""등록하기"" 클릭 시 | 이 화면의 캐릭터 선택·아이 이름·생년월일·약관 동의 전체","  • 캐릭터 미선택 | ""캐릭터를 선택해주세요"" | 캐릭터 선택 영역 강조 표시 후 재선택 (기존 영역 재사용)
  • 아이 이름 미입력 | ""아이 이름을 입력해주세요"" | 아이 이름 필드 재입력 (기존 필드 재사용)
  • 생년월일 미입력/8자리 미만 | ""생년월일 8자리를 입력해주세요 (예: 20190101)"" | 생년월일 필드 재입력 (기존 필드 재사용)
  • 생년월일에 숫자 외 문자 입력 시도 | (입력 자체를 차단, 별도 에러 메시지 없음) | 숫자 이외 입력 즉시 필터링 (기존 필드 재사용)
  • 유효하지 않은 날짜·미래 날짜 입력 | ""올바른 생년월일을 입력해주세요"" | 생년월일 필드 재입력 (기존 필드 재사용)
  • 필수 약관(동의) 미체크 상태로 ""등록하기"" 클릭 | ""필수 약관에 동의해주세요"" | 체크박스 영역으로 스크롤 이동 후 강조 표시, 재선택 (기존 체크박스 재사용)","  • ‘완료하기’ 클릭 성공 → Depth2: 2.1 아이 프로필 선택 화면 (신규 등록된 아이(들) 포함하여 갱신된 목록으로 복귀)

  • ‘취소하기’ 클릭 → Depth2: 2.1 아이 프로필 선택 화면으로 이동(추가 등록된 아이 없음)

  • 실패 → 현재 화면 유지 (에러 메시지 표시)


반복 가능
→ 2.1 화면에서 ""아이 추가"" 카드를 다시 클릭하면 Depth2: 2.1.1로 재진입 (매번 빈 폼으로 새로 시작, 최대 3회까지 반복 가능 — 이 제한은 2.1 화면에서 통제)",,
,2.2 이야기 목록,,"사용자가 주제·난이도 필터로 이야기를 탐색하고, 원하는 이야기를 선택해 상세 화면으로 진입하는 화면입니다.



필터링 로직
- 주제 필터와 난이도 필터는 각각 단일 선택(자유 전환)이며,
두 필터는 AND 조건으로 동시 적용됩니다
(예: 주제=""다름"" + 난이도=""튼튼 이야기"" 선택 시,
두 조건을 모두 만족하는 이야기만 노출).
- 필터 변경 시 이야기 카드 리스트가 즉시 재조회되어 갱신됩니다.
- 필터 결과가 0건인 경우 5️⃣ 예외 처리의 ""필터 적용 결과
이야기 없음"" 케이스로 처리됩니다","  • 이야기 모음(타이틀) | Text | - | -
  • 주제 필터 | Radio | - | 클릭 시 눌림 효과 표시 후 선택된 주제 값으로 필터 적용, 이야기 카드 리스트 재조회(전체/다름/용기/친절/나눔 중 1개 선택, 자유 전환)
  • 난이도 필터 | Radio | - | 클릭 시 눌림 효과 표시 후 선택된 난이도 값으로 필터 적용, 이야기 카드 리스트 재조회(전체/새싹 이야기/튼튼 이야기/도전 이야기 중 1개 선택, 자유 전환)
  • 이야기 카드 리스트 | Card | - | 선택된 주제/난이도 필터 조건에 맞는
이야기만 노출(AND 조건), 필터 변경 시마다 목록 재조회. 3x2 그리드로
반복 노출
  • 이야기 카드 이미지 | Card | - | -
  • 이야기 제목 | Text | - | -
  • 이야기 줄거리 | Text | - | -
  • 주제 배지 | Card | - | 이야기별 주제 값(다름/용기/친절/나눔) 노출, 이야기당 1개 이상 표시될 수 있음(개수 가변)
  • 난이도 배지 | Card | - | 이야기별 난이도 값(새싹 이야기/튼튼 이야기/도전 이야기) 1개 노출
  • 소요시간 배지 | Card | - | 이야기별 예상 소요 시간(분) 노출
  • 하단 바 - 홈 | Button | - | 클릭 시 눌림 효과 표시 후 Depth2: 2.0 홈 화면으로 이동
  • 하단 바 - 이야기 | Button | - | 클릭 시 현재 화면 유지(활성 탭 표시), 이미 이 화면에 있으므로 이동 없음
  • 하단 바 - 단어장 | Button | - | 클릭 시 이동 없음
  • 하단 바 - 마이페이지 | Button | - | 클릭 시 눌림 효과 표시 후 Depth2 : 3.1 내정보로 이동",,"  • 이야기 목록 조회 실패 | ""이야기 목록을 불러오지 못했습니다"" | ""다시 시도"" 버튼 클릭 (전용 버튼 신규 생성), 재요청
  • 필터 적용 결과 이야기 없음 | ""해당 조건의 이야기가 없어요"" | 빈 상태 화면 노출, 필터 초기화(""전체"" 재선택)로 복구 (기존 필터 버튼 재사용, 별도 컴포넌트 없음)","  • 성공 (이야기 카드 클릭):
→ Depth2: 2.3 이야기 상세 화면으로 이동

하단 바 클릭 시:
→ ""홈"" 클릭: Depth2: 2.0 홈 화면으로 이동
→ ""마이페이지"" 클릭: Depth3: 3.1 내정보로 이동
→ ""이야기"" 클릭: 현재 화면 유지 (이동 없음)

실패 시 :
→ 현재 화면 유지 (에러 메시지 표시)

반복 가능:
→ 주제/난이도 필터 클릭 시 카드 리스트만 재조회, 화면 유지 (Depth 변화 없음)",,필수
,2.3 이야기 상세,,"사용자가 선택한 이야기의 핵심 주제·난이도·소요 시간·제목·줄거리와 학습 목표를 확인하고, 이야기를 시작할지 결정하는 화면입니다.


고정 텍스트 (임시 : 추후 이야기가 확장될 경우 전환 필요)
- 섹션 타이틀: ""이런 것을 배워요 📝""
- 체크리스트 항목: (예시)
- 다름을 장점으로 바라보기
- 상대방의 감정 이해하기
- 문제 해결 방법 생각하기
- 줄거리 뒤 안내 문구: ""이야기 속 캐릭터와 대화하며 나의 특별한 점을 찾아봐요!""
","  • < 이야기 모음 | Button | - | 클릭 시 Depth2: 2.2 이야기 목록 화면으로 이동
  • 이야기 상세 이미지 | Card | - | -
  • 핵심 주제 | Card | - | -
  • 난이도	Card | - | -
  • 소요 시간 | Card | - | -
  • 이야기 제목 | Text | - | -
  • 줄거리 | Text | - | stories.summary 값 노출 + 고정 문구 ""이야기 속 캐릭터와 대화하며 나의 특별한 점을 찾아봐요!""를 이어 붙여 한 문단으로 노출
  • 이런 것을 배워요 | Card	| - | 고정 텍스트 박스, 이야기 종류와 무관하게 동일한 문구 노출
  • 이야기 시작하기 | Button | - | 클릭 시 이야기 진행 화면(Depth2: 2.4)으로 이동",,"  • 이야기 상세 데이터 조회 실패 | ""이야기 정보를 불러오지 못했습니다"" | ""다시 시도"" 버튼 클릭 (전용 버튼 신규 생성), 재요청
  • 이야기 상세 이미지 로드 실패 | (메시지 없음, 대체 이미지로 표시) | 기본 플레이스홀더 이미지로 대체 노출 (별도 컴포넌트 없음, 기존 이미지 슬롯 재사용)","성공 (""이야기 시작하기"" 클릭)
→ 진행 이력이 있는 이야기: Depth2: 2.4 이야기 진행 화면, 마지막 학습 지점부터 재개
→ 진행 이력이 없는 이야기: Depth2: 2.4 이야기 진행 화면 (Depth3: 2.4.1 도입부터 시작)

  • ""< 이야기 모음"" 클릭
→ Depth2: 2.2 이야기 목록 화면으로 이동

실패 시 (데이터 조회/네트워크 오류):
→ 현재 화면 유지 (에러 메시지 표시)",,필수
,"2.4 이야기 진행 ",2.4.1 도입,"이야기 진행 화면은 도입(1단계) → 전개(N단계, 이야기별 가변) →
대화(N단계, 이야기별 가변) → 미션(N단계, 이야기별 가변) →
학습완료(마지막 단계) 순서로 구성됩니다. 도입 구간은 1개입니다.
순차 진행형으로, 이 단계를 끝까지 진행(마지막 문장 도달)해야 다음 단계(전개)로 넘어갈 수 있으며, 탭 등으로 직접 건너뛸 수 없습니다. story_scenes.scene_description 값을 온점(.) 기준으로 분리한 문장을 순서대로 한 문장씩 자동 재생하며 보여주는 화면입니다.


이야기에 사용되는 대사는 아래 페이지의 내용을 확인[도입, 전개, 대화 공통 사용]
장면 구성 테이블 (story_scenes) - 각 장면 발화 목표 및 캐릭터 고정 대사   (https://app.notion.com/p/story_scenes-3b6b9644f0bd80bfa6bfcf35a763d497?pvs=21) ","  • 이야기 제목 | Text | - | -
  • X 나가기 | Button | - | 클릭 시 이야기 진행 중단, Depth2: 2.3 이야기 상세 화면으로 이동
  • 진행률 텍스트 | Text | - | n, N 계산은 [공용] 장면 진행률 계산 규칙 참고하여 “n/N” 형태로 텍스트 나타냄
  • 진행률 바 | Card | - | n, N 계산은 [공용] 장면 진행률 계산 규칙 참고하여 진행률을 프로그레스 바로 나타냄. 도입 단계인 동안은 문장이 몇 번째든 n=1로 고정되어 진행률 바 값이 변하지 않음
  • 도입 이미지 | Card | - | -
  • 나레이션 문장 | Text | - | 화면 진입 시 첫 문장 자동 재생(TTS), 문장 종료 시 자동으로 오디오만 멈추고 다음 문장으로 자동 전환되지는 않음(사용자가 화살표로 넘겨야 진행). 현재 인덱스의 문장 텍스트만 노출
  • 이전 화살표 | Button | -	| 클릭 시 검은 바탕의 화살표로 표시 후 이전 문장으로 이동(인덱스 -1) 후 자동 재생, 첫 번째 문장일 경우 버튼 자체가 노출되지 않음
  • 다음 화살표 | Button | -	| 클릭 시 검은 바탕의 화살표로 표시 후 다음 문장으로 이동(인덱스 +1) 후 자동 재생, 마지막 문장일 경우 버튼이 사라지고 ""진행하기"" 버튼으로 대체
  • 다시 듣기 | Button | - | 클릭 시 현재 화면(현재 인덱스)에 노출된 문장을 처음부터 다시 재생
  • 진행하기 | Button	| - | 마지막 문장에서만 노출되는 버튼, 클릭 시 Depth3: 2.4.2 전개1로 이동",,"  • 나레이션 음성(TTS) 재생 실패 | (메시지 없음, 텍스트만 노출) | 텍스트는 정상 노출, 음성만 미재생 상태로 두고 ""다시 듣기"" 버튼 재클릭으로 재시도 (별도 에러 컴포넌트 없음, 기존 다시 듣기 버튼 재사용)","  • 성공 (마지막 문장에서 ""진행하기"" 클릭) → Depth2: 2.4 이야기 진행 화면 (Depth3: 2.4.2 전개1부터 시작)

  • 중단 (""X 나가기” 클릭) → Depth2: 2.3 이야기 상세 화면으로 복귀(진행 상태 저장하지 않음, 재진입 시 항상 Depth3: 2.4.1 도입 1번째 문장부터 재시작)

  • 실패 (데이터 조회/네트워크 오류) → 현재 화면 유지 (에러 메시지 표시)


반복 가능
→ ""다시 듣기"" 클릭 시 현재 문장 음성 재생 반복 (Depth 변화 없음)

→ 이전/다음 화살표 클릭 시 문장 인덱스만 전환, 화면 유지 (Depth 변화 없음)",,필수
,,2.4.2 전개," 이야기 진행 화면(2.4)은 도입 → 전개(N단계) →
대화(N단계) → 미션(N단계) →
학습완료 순서로 구성됩니다. 각 구간의 개수는
story_scenes 테이블에서 story_id로 조회되는 scene 레코드 중
scene_type이 ‘전개’인 레코드 수에 따라 결정되며, 이야기마다 다를 수 있습니다.

전개 구간은 순차 진행형이며, 이전 scene(도입 또는 이전 대화)을
완료해야 진입 가능합니다. 화면/기능 구조(레이아웃, 버튼,
자동재생 방식, 예외처리)는 전개 구간 내 모든 단계에서 100%
동일하며, 아래는 ""전개 N번째 단계"" 공통 템플릿입니다.","  • X 나가기 | Button | - | 클릭 시 눌림 효과 표시 후 이야기 진행 중단, Depth2: 2.3 이야기 상세 화면으로 이동
  •  진행률 텍스트 | Text | - | n, N 계산은 [공용] 장면 진행률 계산 규칙 참고하여 “n/N” 형태로 텍스트 나타냄
  • 진행률 바 | Card | - | n, N 계산은 [공용] 장면 진행률 계산 규칙 참고하여 진행률을 프로그레스 바로 나타냄. 이 전개 장면이 진입되는 시점(전개 시작)에 n이 해당 값으로 갱신되어 표시되며, 같은 전개 안에서 문장이 몇 번째로 재생 중인지와는 무관하게 값이 고정됨
  • 배경 이미지 | Card | - | -
  • 나레이션 문장 | Text | - | 화면 진입 즉시 첫 문장 자동 재생(TTS) 시작. 문장 종료 후 자동 전환되지 않으며 화살표 클릭으로 진행. 현재 인덱스 문장 텍스트만 노출
  • 이전 화살표 | Button | -	| 클릭 시검은 바탕의 화살표로 표시 후 이전 문장으로 이동(인덱스 -1) 및 자동 재생, 첫 번째 문장일 경우 버튼 미노출
  • 다음 화살표 | Button | -	| 클릭 시검은 바탕의 화살표로 표시 후 다음 문장으로 이동(인덱스 +1) 및 자동 재생, 마지막 문장일 경우 버튼이 사라지고 ""진행하기"" 버튼으로 대체
  • 다시 듣기 | Button | - | 클릭 시 눌림 효과 표시 후 현재 인덱스 문장을 처음부터 재생
  • 진행하기 | Button	| - | 마지막 문장에서만 노출, 클릭 시 눌림 효과 표시 후 상단 ""다음 화면 이동 로직""에 따라 이동",,"  • 나레이션 음성(TTS) 재생 실패	| (메시지 없음, 텍스트만 노출) | 텍스트는 정상 노출, ""다시 듣기"" 버튼 재클릭으로 재시도 (기존 버튼 재사용)","  • 성공 (""진행하기"" 클릭) 
 → 현재 scene_order가 마지막이 아니고, 미션 레코드가 존재하는 경우: scene_order + 1의 다음 scene으로 이동
→ 현재 scene_order가 마지막이고 미션 레코드가 존재하지 않는 경우:
Depth3: 2.4.4 장면 카드 맞추기로 이동

  • 중단 (""X 나가기"" 클릭) → Depth2: 2.3 이야기 상세 화면으로 복귀

  • 재진입 (""이야기 시작하기"" 재클릭) → story_sessions 테이블에서 scene_goal_met = true인 레코드가
존재하는 경우: 가장 최근 레코드의 current_scene_id 값을 조회 →
일치하는 story_scenes 레코드의 scene_order 값을 확인 →
(scene_order + 1)에 해당하는 scene부터 이어서 시작
→ scene_goal_met = true인 레코드가 존재하지 않는 경우 : scene_order = 2 (도입 완료 직후 지점)부터 시작

  • 실패 → 현재 화면 유지 (에러 메시지 표시)

반복 가능:
→ ""다시 듣기"" 클릭 시 현재 문장 음성 재생 반복 (Depth 변화 없음)
→ 이전/다음 화살표 클릭 시 문장 인덱스만 전환, 화면 유지 (Depth 변화 없음)",,필수
,,2.4.3 대화," 이야기 진행 화면(2.4)은 도입 → 전개(N단계) →
대화(N단계) → 미션(N단계) →
학습완료 순서로 구성됩니다. 각 구간의 개수는
story_scenes 테이블에서 story_id로 조회되는 scene 레코드 중
scene_type이 ‘대화’인 레코드 수에 따라 결정되며, 이야기마다 다를 수 있습니다.

**대화(2.4.3)**는 그중 scene_type = '대화'인 구간입니다. 
이전 구간(전개)의 마지막 scene을 완료해야 진입할 수 있는 순차 진행형입니다. 대화 구간에 속한 모든 scene은 화면 구조(레이아웃·버튼·자동 재생 방식·예외 처리 등)가 100% 동일한 공통 템플릿을 사용하며, scene마다 character_opening, character_closing, scene_goal, required_elements, max_turns 등 데이터 값만 달라집니다. 아래는 대화 구간 내 scene 1개에서 반복되는 턴(turn) 사이클이며, 대화 구간의 모든 scene에 동일하게 적용되는 공통 템플릿입니다.

대화 상태(state) 정의
상태명(고정 문구) | 발생 시점
  • 캐릭터의 말을 듣고 있어요!	| 캐릭터 대사가 음성으로 재생되는 동안(캐릭터가 말하는 중, 아이는 듣는 중)
  • 생각을 말해보세요! | 캐릭터 발화 종료 후 마이크가 자동 활성화되고 녹음이 자동으로 시작되어, 아이가 말하고 있는 동안
  • 말을 글자로 바꾸는 중이에요! | 아이의 녹음이 끝난 뒤 음성을 텍스트로 변환(STT)하는 동안
⚠️ 아이가 보내기 버튼을 눌러 발화를 제출한 뒤 시스템이 발화를 분석하고(미션 노출 판정 포함) 캐릭터의 다음 반응을 생성하는 구간은 별도의 상태 라벨 없이 처리됩니다. 처리가 끝나 캐릭터의 다음 대사(또는 마지막 대사)가 준비되면 음성이 자동 재생되며 곧바로 캐릭터의 말을 듣고 있어요! 상태로 전환됩니다.
⚠️ 마이크 활성화는 캐릭터 발화 종료 시 자동으로 이루어지며, 아이가 마이크 버튼을 누르거나 아이의 추가 음성이 없으면 말을 글자로 바꾸는 중이에요! 상태로 변경됩니다.

턴(turn) 사이클
한 scene은 아래 사이클을 반복하며, 각 단계에 대응하는 상태를 함께 표시합니다.
 ① [캐릭터의 말을 듣고 있어요!] 캐릭터 대사(character_opening 또는 추가 질문) 음성 자동 재생
→ 재생 종료 즉시 마이크 자동 활성화·녹음 자동 시작 → [생각을 말해보세요!]

② [생각을 말해보세요!] 아이 음성 녹음(저장 안 됨)
→ 마이크 버튼으로 녹음 종료 → [말을 글자로 바꾸는 중이에요!]

③ [말을 글자로 바꾸는 중이에요!] STT 변환(저장 안 됨)
→ 변환 완료 후 텍스트 표시, 보내기 버튼 활성화

④ 보내기 클릭 → 발화 원문 세션 저장, 대화 내역에 표시, 분석 요청

⑤ 발화 분석: 누적 발화 기준으로 required_elements 충족 여부 갱신
(한 턴에 모두 나올 필요 없음, 이미 충족된 요소는 유지)

⑥ 미션 노출 조건 확인 (아래 중 하나 충족 시 미션 팝업 노출, 3️⃣ 참고)
- 아이가 실행 가능한 해결 방법을 구체적으로 제안한 경우
- 해결 방향은 말했지만 방법이 구체적이지 않은 경우
- 2회 이상 대화했지만 실행 방법이 나오지 않은 경우
- 캐릭터 질문만으로는 구체화하기 어려운 경우

⑦ character_closing 출력 조건 확인 (하나라도 충족 시 종료)
1. required_elements 모두 충족
2. max_turns 도달
3. 미션 필수 장면에서 미션 + 핵심 발화 완료
├─ 충족 O → character_closing 재생([캐릭터의 말을 듣고 있어요!]) → 6️⃣ 참고
└─ 충족 X → 부족한 요소만 반영한 추가 질문 생성 → ①로 복귀(다음 턴)

순차 진행형: 이전 턴이 끝나야 다음 턴으로 넘어가며, 되돌리기 불가(누적 진행만 가능)required_elements는 여러 턴에 걸쳐 누적 충족(예: 1턴 EMOTION → 2턴 PERSPECTIVE → 3턴 REASON → 4턴 REQUEST)턴 수는 preferred_turns(목표 충족 기대 최소 반복)와 max_turns(허용 최대 반복) 사이에서 가변 종료최대 턴 도달 시: 목표 미충족이어도 scene을 종료합니다. 캐릭터의 마지막 대사는 평가·지적이 아니라 다음 이야기로 자연스럽게 이어지는 톤이어야 합니다. → 아이 발화에 짧은 반응 → character_closing → 화면 이동 참고

미션 팝업
대화 화면 위 오버레이로 노출됩니다(새 화면 아님, URL·네비게이션 변화 없음). 열릴 때부터 닫힐 때까지 하나의 오버레이로 유지되며, 내부 콘텐츠만 [미션 진행 중] → [미션 성공 완료]로 전환됩니다(진행률 바 없음). 캐릭터 음성 재생 없이 화면만 표시하고 바로 아이의 답을 기다립니다.
[미션 진행 중]
ⓐ 미션 안내 노출과 동시에 마이크 자동 활성화·녹음 자동 시작 → [생각을 말해보세요!]
ⓑ 아이 음성 녹음 → 마이크 버튼으로 종료 → [말을 글자로 바꾸는 중이에요!]
ⓒ STT 변환 → 완료 후 텍스트 표시, 보내기 버튼 활성화
ⓓ 보내기 클릭 → 미션 응답 저장, 대화 내역에 표시, 분석 요청
ⓔ 분석 완료 → 팝업 콘텐츠가 [미션 성공 완료]로 전환(팝업 유지)

[미션 성공 완료]
ⓕ 완료 콘텐츠 표시 → ""이야기 계속하기"" 클릭 시 팝업 닫힘, 대화 화면 복귀 → ⑦로 진행
(분석 결과는 다음 캐릭터 반응 생성에 반영)

⚠️ 미션(미션1, 미션2 등)은 story_scenes와 같은 별도 DB 테이블로 관리가 필요하며, 노출 조건·목적·선택지 등은 콘텐츠 구성 데이터로 별도 관리됩니다. 본 명세서의 구성요소에는 미션이 ""대화 화면 위에 조건부로 노출되는 팝업""이라는 화면 동작만 정의하며, 미션별 구체적인 문구·선택지·정답 판정 로직은 콘텐츠/알고리즘 자료로 별도 문서화가 필요합니다. [방귀 뀌는 며느리 — 미션 노출 기준 (https://app.notion.com/p/3b7b9644f0bd802d81c5e82d8c1e1a76?pvs=21) ]","  • X 나가기 | Button | - | 클릭 시 눌림 효과 표시 후 이야기 진행 중단, Depth2: 2.3 이야기 상세 화면으로 이동
 • 진행률 텍스트 | Text | - | N 계산은 [공용] 장면 진행률 계산 규칙 참고하여 “n/N” 형태로 텍스트 나타냄. 도입 단계인 동안은 문장이 몇 번째든 n=1로 고정되어 1/N 으로 나타남.
  • 진행률 바 | Card | - | n, N 계산은 [공용] 장면 진행률 계산 규칙 참고하여 진행률을 나타냄. 도입 단계인 동안은 문장이 몇 번째든 n=1로 고정되어 진행률 바 값이 변하지 않음 
 • 대화 이미지 | Card | 필수 | scene 상황에 맞는 배경 이미지 표시(대화 진행 중 상태 변화 없음)  
 • 캐릭터 대사 카드 | Card	| 필수 | 캐릭터 이름·캐릭터 이미지·대사(character_opening 또는 분석 후 생성된 추가 질문) 표시, 진입 시 음성 자동 재생(상태: 캐릭터의 말을 듣고 있어요!), 재생 종료 시 마이크 자동 활성화 및 녹음 자동 시작(상태: 생각을 말해보세요!로 자동 전환). 캐릭터 이미지는 해당 장면 대화의 character_name 캐릭터의 이미지를 보여줌. [제목 없음 (https://app.notion.com/p/3a50bb61d7ff8015a06ec4239a32f23a?pvs=21) 세부 내용 참고]
  • 다시 듣기 버튼 | Button	| - | 클릭 시 현재 캐릭터 대사 음성을 처음부터 재생(반복 가능, 화면 전환 없음)
  • 마이크 버튼 | Button | -	| 캐릭터 발화 종료 시 자동으로 활성화되며 녹음도 자동으로 시작됨(아이가 별도로 누를 필요 없음). 아이가 버튼을 눌러 녹음을 종료하면 상태가 말을 글자로 바꾸는 중이에요!로 전환됨. 녹음 자체는 저장되지 않음
  • 대화 상태 배지 | Card | - | 캐릭터의 말을 듣고 있어요! / 생각을 말해보세요! / 말을 글자로 바꾸는 중이에요! 상태에 따라 문구·아이콘 전환(화면 전환 없이 내부 상태만 변경). 보내기 이후 분석·반응 생성 구간은 별도 라벨 없이 로딩 처리
  • STT 텍스트 미리보기 | Text | -	말을 글자로 바꾸는 중이에요! 상태 종료 후 아이의 음성을 텍스트로 변환한 결과를 화면에 표시(직접 수정 불가), 표시 완료 시점에 보내기 버튼 활성
  • 대화 내역 리스트 | Card	| 필수 | 아이 발화와 캐릭터 발화를 말풍선 색상·정렬로 구분해 누적 표시(턴이 진행될 때마다 항목 추가)
  • 미션 
ㄴ 팝업 오버레이	| Card | - | 미션 노출 조건(기능 설명 참고)이 충족된 턴에만 대화 화면 위에 팝업으로 노출(화면 자체는 전환되지 않음). 미션 안내 내용(카드 등) 표시, 미션별로 실제 구성은 다를 수 있음, 마이크 자동 활성화 아님.
ㄴ 마이크 버튼 | Button | - | 마이크 버튼을 눌러야 녹음 시작. 아이가 다시 버튼을 눌러 녹음 종료 시 상태가 말을 글자로 바꾸는 중이에요!로 전환. 녹음 자체는 저장되지 않음
ㄴ STT 텍스트 미리보기 | Text | 	- | 말을 글자로 바꾸는 중이에요! 상태 종료 후 미션 응답을 텍스트로 변환한 결과를 팝업 내에 표시(직접 수정 불가), 표시 완료 시 미션 보내기 버튼 활성화
ㄴ 보내기 버튼 | Button | - | STT 텍스트 표시 전에는 비활성화, 표시 완료 후 활성화. 클릭 시에만 미션 응답 원문이 세션에 저장되고 분석 요청됨(이후 별도 상태 라벨 없이 처리). 분석 완료 시 팝업이 닫히고 2.4.3 대화 화면으로 복귀
ㄴ 미션 성공 완료 콘텐츠 | Card | - | 미션 응답 분석이 끝나면 같은 팝업 안에서 [미션 진행 중] 화면 대신 노출됨(팝업이 닫혔다 다시 열리지 않음). 성공 안내 등 완료 콘텐츠 표시(미션마다 성공화면 상이. 세부 내용은 mvp이므로 고정)
  • 보내기 버튼 | Button | -	| STT 텍스트가 화면에 표시되기 전(말을 글자로 바꾸는 중이에요!)에는 비활성화, 표시 완료 후 활성화. 클릭 시에만 발화 원문이 세션에 저장되고 분석 요청됨(이후 별도 상태 라벨 없이 처리)","  • 마이크 입력(녹음) | 무음 또는 1초 미만 녹음은 제출 불가, 최대 녹음 길이 제한(예: 30초) 초과 시 자동 종료
  • STT 변환 결과 | 공백/빈 문자열인 경우 보내기 버튼 비활성화
  • 보내기 버튼 | STT 결과가 비어 있거나 변환 중(로딩)일 때는 비활성화 처리, 텍스트 표시 완료 후에만 활성화. 클릭 전까지는 어떤 발화도 저장되지 않음
  • 턴 수 | 현재 턴이 max_turns를 초과하면 마이크·보내기 버튼 비활성화, 자동으로 최대 턴 종료 로직 실행
  • 발화 분석(사고 요소) | required_elements 각 항목(PERSPECTIVE, EMOTION, REASON, SOLUTION 등)의 충족 여부를 발화 텍스트 기준으로 판정
  • 미션 응답 | 미션 팝업이 노출된 경우 미션 마이크 입력(녹음)·STT 변환 규칙은 대화 본 흐름과 동일하게 적용되며, 미션 보내기 완료 전에는 팝업이 닫히지 않음","  • 마이크 권한 거부 | ""마이크 접근 권한이 필요해요"" | 기존 시스템 권한 요청 팝업 재노출(신규 버튼 없이 재클릭 유도)
  • STT 변환 실패 / 네트워크 오류 | 	""다시 한번 말해줄래?"" | 현재 화면 유지, 기존 마이크 버튼 재클릭으로 재입력(신규 컴포넌트 없음)
  • 무음·공백 발화로 제출 시도 | (별도 메시지 없음, 버튼 비활성) | 보내기 버튼 비활성 상태 유지, 클릭 자체가 무시됨
  • 캐릭터 응답(분석·TTS) 생성 실패 | 	""생각을 정리하는 중이에요..."" | 자동 1회 재시도
  • max_turns 도달 직전 응답 생성 지연 | 로딩 상태 유지 | 응답 완료 즉시 최대 턴 종료 로직(기능 설명 참고) 강제 적용, 무한 대기 방지용 타임아웃 필요","character_closing이 출력되는 3가지 조건(기능 설명 참고) 중 무엇으로 종료되었는지와 무관하게, 다음 화면 이동 대상은 동일합니다.
  • 종료(character_closing 출력) 시 — 목표 요소 충족 / max_turns 도달 공통:
→ 캐릭터 마지막 대사(character_closing) 재생 →
1) 대화 구간 내 다음 scene이 있는 경우: 다음 scene_order부터 시작(Depth 3: 2.4.3 대화 유지)
2) 대화 구간의 마지막 scene인 경우: Depth 3: 2.4.4 장면 카드 맞추기로 이동

  • 최대 턴(max_turns) 도달 & 목표 미충족으로 종료된 경우:
→ 아이의 마지막 발화에 대한 짧은 반응 → 캐릭터 마지막 대사(character_closing, 평가·지적 없이 다음 전개로 자연스럽게 연결) → 위와 동일하게 이동

  • 중단 (""X 나가기"" 클릭) → Depth2: 2.3 이야기 상세 화면으로 복귀

  • 실패 시(복구 불가 오류) :
→ 현재 화면 유지, 에러 메시지 표시

반복 가능:
→ ""다시 듣기"" 클릭 시 동일 화면에서 캐릭터 대사 음성만 재생, 턴 진행·상태에는 영향 없음","미션 테이블 필요

대사·목표·종료 조건은 story_scenes 테이블 값으로 동적으로 채워집니다.
컬럼 | 화면 연동 지점
character_opening | 턴 1의 캐릭터 대사 카드 초기값
character_closing | 목표 충족 종료 시 또는 최대 턴 종료 시 캐릭터 마지막 대사
scene_goal, required_elements | 발화 분석 후 종료 조건 판정 기준preferred_turns | 목표 충족 시 조기 종료 가능 최소 턴 기준(참고용)
max_turns | 강제 종료 턴 상한, 턴 카운터 표시 분모(""N/max_turns"")
scene_order | 다음 화면 이동 시 다음 장면 결정 기준(scene_order + 1)",필수
,,2.4.4 장면 카드 맞추기,"이야기 진행 화면(2.4)은 도입 → 전개→
대화→ 미션→ 학습완료 순서로 구성됩니다. 
학습완료 단계의 전체 2단계 중 1단계입니다. 이 단계를 완료(4장의 장면 카드를 이야기 순서에 맞게 배열해 서버에서 정답 판정을 받음)해야 2단계(2.4.4 단어로 문장만들기)로 진행 가능하며, 탭을 직접 클릭해서 건너뛸 수 없습니다.

사용자가 무작위로 섞여 제시된 장면 카드 4장을 이야기 순서에 맞게 드래그하여 하단 슬롯(1~4)에 배치하는 화면입니다. 카드 내용과 정답 순서는 stories.post_activity_config에서 불러오며, 정답 여부는 서버에서 계산합니다.","  • 장면 카드 (4개, 무작위 배열) | Card | 필수 | 드래그하여 하단 순서 슬롯에 배치. 카드 내용은 stories.post_activity_config에서 로드
  • 순서 슬롯 1~4 (드롭 영역) | Card | 필수 | 4개 슬롯이 모두 채워지면 서버로 제출되어 정답 여부(is_order_correct)를 판정받음. 판정 로직은 프런트엔드에 없음
  • 정답이에요! 버튼 | Button | - | 서버 응답이 정답(true)인 경우에만 노출. 클릭 시 2.4.5로 이동
  • 순서가 달라요, 다시 놓아볼까요? 버튼 | Button | - | 서버 응답이 오답(false)인 경우에만 노출(표시 전용, 클릭 동작 없음). 노출 중에도 사용자는 슬롯 위 카드를 자유롭게 재드래그하여 재배치 가능
  • X 나가기 버튼 | Button | - | 클릭 시 저장 없이 화면만 종료. 재진입 시 저장된 is_order_correct 값에 따라 라우팅됨 (화면 이동 참고)","  • 카드 순서 제출 | 4개 슬롯이 모두 채워지면 서버로 제출 → 서버가 stories.post_activity_config의 정답 순서와 비교해 is_order_correct 판정. 프런트엔드는 판정하지 않음","  • 4개 슬롯 제출 후 오답 판정 | ""순서가 달라요, 다시 놓아볼까요?"" | 카드는 슬롯에 놓인 상태 그대로 유지(자동 원위치 복귀 없음), 사용자가 슬롯 위 카드를 재드래그하여 재배치 후 재제출 (기존 드래그 기능 재사용). 제출 시마다 attempt_count +1 저장, 단 시도별 배열 내용 자체는 저장하지 않음
  • 카드를 슬롯 외 영역에 드롭 | 없음 | 카드가 원위치로 복귀 (서버 제출 아님, attempt_count 증가하지 않음)
  • 카드 4장이 아직 다 채워지지 않은 상태에서 이탈 시도 | 없음 | 서버 제출이 일어나지 않으므로 attempt_count/is_order_correct 갱신 없음","  • 성공 → ""정답이에요!"" 버튼 클릭 시 Depth3: 2.4.4 단어로 문장만들기로 이동
(서버 저장: is_order_correct=true, card_order_submitted, attempt_count 갱신)

  • 실패 (오답 제출) → 현재 화면(2.4.4) 유지, 오답 카드 원위치 복귀 후 재시도 가능
(서버 저장: attempt_count 갱신)

반복 가능:
→ 정답을 맞출 때까지 카드 재배치·재제출 반복 가능 (제출할 때마다 attempt_count 누적, 결과 row는 upsert)

  • X 나가기 → 저장 없이 화면 종료. Depth2: 2.3 이야기 상세 화면으로 이동
   
  • 재진입 시: is_order_correct=false 또는 레코드 없음 → 2.4.4로 진입 / is_order_correct=true → 2.4.5로 진입",,필수
,,2.4.5 단어로 문장만들기," 이야기 진행 화면(2.4)은 도입 → 전개→
대화→ 미션→ 학습완료 순서로 구성됩니다. 
학습완료 단계의 전체 2단계 중 2단계입니다. 이전 단계(2.4.4 장면 카드 맞추기)에서 is_order_correct=true를 받아야 진입 가능하며, 탭을 직접 클릭해서 건너뛸 수 없습니다.

사용자가 화면에 제시된 장면 4컷과 각 장면의 핵심 단어 4개를 참고하여, 마이크 버튼을 눌러 전체 이야기를 음성으로 재구성해 말하는 화면입니다.","장면 카드 + 핵심 단어 (4세트, 표시 전용) | Card | - | (2.4.4에서 배치한 순서대로 자동 노출, stories.post_activity_config 기반, 사용자 조작 불가)
  • 마이크 버튼 | Button | 필수 | 클릭 시 음성 녹음 시작, 재클릭(또는 발화 종료 감지) 시 녹음 종료. 녹음 진행 중에는 보내기 버튼이 비활성화 상태로 유지됨
  • 내가 한 말 (음성 인식 결과) | Textarea | - | 녹음 종료 후 음성이 텍스트로 변환되어 표시됨. 텍스트 표시가 완료되면 보내기 버튼이 활성화됨
  • 보내기 버튼 | Button | - | 텍스트 표시가 완료되기 전까지 비활성화. 완료 후 활성화, 클릭 시 retelling_text, completed_at 저장 후 다음 화면 이동
  • X 나가기 버튼 | Button | - | 클릭 시 저장 없이 화면만 종료. 재진입 시 completed_at 값에 따라 라우팅됨 (화면 이동 참고)","  • 음성 발화 | 녹음된 음성이 존재해야 하며, 음성 인식 결과 텍스트가 공백이 아니어야 보내기 활성화 가능. 핵심 단어 4개 포함 여부 검증","  • 무음이거나 음성 인식 실패 | ""다시 한 번 말해줄래요?"" | ""내가 한 말"" 카드는 비워둔 채 유지, 기존 마이크 버튼 재클릭해 재시도 (별도 ""다시 시도"" 버튼 없음)
  • 마이크 권한 미허용	| ""마이크 사용을 허용해주세요"" | 권한 허용 안내 노출 후 마이크 버튼 재클릭 시 권한 재요청","  • 성공 → ""보내기"" 버튼 클릭 시 retelling_text, completed_at 저장 후 Depth2: 2.5 학습 완료 화면으로 이동

  • 실패 → 현재 화면(2.4.5
  • ) 유지 (에러 메시지 표시)

반복 가능:
→ 마이크 버튼 재클릭 시 재녹음하여 ""내가 한 말"" 텍스트 갱신 가능 (보내기 전까지 횟수 제한 없음, retelling_text는 보내기 시점에만 저장)

  • X 나가기 → 저장 없이 화면 종료. 별도 화면 이동 없음
→ 재진입 시: completed_at 존재 → 2.5로 진입 / completed_at 없음 → 2.4.4의 is_order_correct 값에 따라 라우팅 (2.4.4 화면 이동 참고)",,필수
,2.5 학습 완료,,"사용자가 이야기 진행 및 이야기 활동을 모두 완료한 후 학습 완료 결과와 획득한 배지 정보를 확인하고, 홈 또는 다른 이야기 목록으로 이동하는 화면입니다.

학습 완료 시 현재 이야기의 진행 상태를 완료 처리하며, 완료된 이야기는 이후 이어하기 대상에서 제외합니다.","• 학습 완료 안내 | Card | - | 이야기 학습 완료 메시지 표시

• 오늘의 이야기 | Card | - | 완료한 이야기의 대표 이미지, 제목, 학습 시간 정보 표시

• 오늘 모은 배지 | Card | - | 학습 완료를 통해 획득한 배지 정보 표시

• 모은 배지 확인하기 | Button | - | -

• 다른 이야기 보기 | Button | - | -","• 학습 완료 상태 | 이야기 진행 단계 및 이야기 활동이 모두 완료된 경우에만 학습 완료 처리

• 완료 이야기 정보 | 현재 학습을 완료한 이야기 정보 기준으로 표시

• 배지 정보 | 해당 학습에서 실제 획득한 배지만 표시","• 학습 완료 정보 저장 실패 | ""학습 결과를 저장하지 못했습니다"" | 현재 화면 유지 후 저장 재시도

• 완료 이야기 정보 조회 실패 | ""이야기 정보를 불러오지 못했습니다"" | 현재 화면 유지 후 재조회

• 배지 정보 조회 실패 | ""배지 정보를 불러오지 못했습니다"" | 배지 영역 미노출 후 현재 화면 유지","• 다른 이야기 보기 클릭
→ Depth2: 2.2 이야기 목록 화면
→ 전체 이야기 목록 및 주제/난이도 필터가 표시되는 이야기 목록 화면으로 이동

• 모은 배지 확인하기 클릭
→ Depth2: 3.6 배지 보러 가기

• 실패 시
→ 현재 Depth2: 2.5 학습 완료 화면 유지 (에러 메시지 표시)",,필수
3. 마이페이지,3.1 내정보,,"사용자가 로그인한 계정 정보와 등록된 아이 프로필,이번 주 활동 요약, 설정 메뉴를 확인하고, 프로필 관리·공지사항·고객센터·이용안내·로그아웃 등 하위 기능으로 이동하는 화면입니다.","• 사용자 정보 카드(프로필 이미지, “보호자님” 텍스트) | Card | - | 프로필 이미지는 하나로 고정(표시 전용) 
  • 로그인 방식 표시 텍스트 | Text | - |로그인한 방법에 따라 ""카카오 계정으로 로그인 중"" / ""구글 계정으로 로그인 중"" / ""네이버 계정으로 로그인 중"" / ""이메일로 로그인 중"" 중 하나로 표시
• 등록된 아이 프로필 카드 리스트(캐릭터 사진, 이름, 만 나이) | Card | - | (표시 전용, 클릭 불가) 이름은 DB 저장값(예: ""김서윤"")에서 첫 글자(성)를 제외한 나머지를 표시 (예: ""김서윤"" → ""서윤"")
  • 프로필 관리 | Button | - | 클릭 시 Depth3: 3.2 아이 프로필 관리로 이동
  • 완료한 이야기 카드 | Card | - | (표시 전용, 클릭 불가)
  • 대화 횟수 카드 | Card | - | (표시 전용, 클릭 불가)
  • 획득한 배지 카드 | Card	| - | (클릭 가능, 화면 이동은 화면 이동  참고)
• 공지사항 | Button | - | 클릭 시 Depth2: 3.3 공지사항으로 이동
• 고객센터 | Button | - | 클릭 시 Depth2: 3.4 고객센터로 이동
• 이용안내 | Button | - | 클릭 시 Depth2: 3.5 이용안내로 이동
• 로그아웃 | Button | - | 클릭 시 로그아웃 확인 팝업 표시
• 하단 내비게이션 | Button | - | 홈/이야기/마이페이지 화면 이동",,"• 등록된 아이 프로필 없음 | ""등록된 아이 프로필이 없습니다"" | 아이 추가 버튼을 통해 프로필 등록 가능
• 계정/프로필 정보 조회 실패 | ""정보를 불러오지 못했습니다"" | 현재 화면 유지 후 재조회
• 학습 현황 조회 실패 | ""학습 정보를 불러오지 못했습니다"" | 현재 화면 유지 후 재조회","• 프로필 관리 클릭 → Depth3: 3.2 아이 프로필 관리

 • 획득한 배지 클릭 → Depth2: 3.6 배지 보러 가기
• 공지사항 클릭 → Depth2: 3.3 공지사항
• 고객센터 클릭 → Depth2: 3.4 고객센터
• 이용안내 클릭 → Depth2: 3.5 이용안내

  • ""로그아웃"" 클릭 → 확인 팝업(""정말 로그아웃 하시겠습니까?"") 표시 → 확인 시 → Depth 2: 1.1 로그인 화면 / 취소 시 → 현재 화면 유지

• 하단 홈 클릭 → Depth2: 2.0 홈 화면
• 하단 이야기 클릭 → Depth2: 2.2 이야기 목록 화면
• 하단 마이페이지 클릭 → 현재 Depth2: 3.1 내정보 유지
• 실패 시 → 현재 화면 유지",,필수
,3.2 아이 프로필 관리,,보호자가 등록된 아이 프로필을 확인하고 새로운 아이 프로필을 추가하거나 기존 프로필 정보를 관리하는 화면입니다.,"• 아이 프로필 카드 | Card | - | 등록된 아이 프로필 정보 표시
• 아이 추가 | Button | - | -
• 프로필 관리 | Button | - | -","• 아이 프로필 | 등록된 아이 프로필만 표시
• 아이 추가 | 등록된 아이 프로필이 최대 3개 미만인 경우에만 추가 가능","• 등록된 아이 프로필 없음 | ""등록된 아이 프로필이 없습니다"" | 아이 추가 버튼을 통해 프로필 등록 가능
• 최대 프로필 개수 초과 | ""아이 프로필은 최대 3개까지 등록할 수 있습니다"" | 현재 화면 유지, 아이 추가 불가
• 프로필 정보 조회 실패 | ""프로필 정보를 불러오지 못했습니다"" | 현재 화면 유지 후 재조회","• 아이 추가 클릭 → Depth3: 2.1.1 아이 프로필 추가 등록으로 이동

• 실패 → 현재 화면 유지",,
,3.3 공지사항,,사용자가 서비스 관련 공지사항 목록을 조회하고 선택한 공지사항의 내용을 확인하는 화면입니다.," • 공지사항 목록 | Card | - | 등록된 공지사항 목록 표시
• 공지사항 항목 | Card | - | 클릭 시 선택한 공지사항 상세 내용 표시
• 하단 내비게이션 | Button | - | 홈/이야기/마이페이지 화면 이동",,"• 등록된 공지사항 없음 | ""등록된 공지사항이 없습니다"" | 현재 화면 유지
• 공지사항 조회 실패 | ""공지사항을 불러오지 못했습니다"" | 현재 화면 유지 후 재조회","• 공지사항 항목 클릭 → 현재 Depth2: 3.3 공지사항 내 선택한 공지사항 내용 표시
• 하단 홈 클릭 → Depth2: 2.0 홈 화면
• 하단 이야기 클릭 → Depth2: 2.2 이야기 목록 화면
• 하단 마이페이지 클릭 → Depth2: 3.1 내정보
• 실패 시 → 현재 화면 유지",,필수
,3.4 고객센터,,보호자가 자주 묻는 질문을 확인하거나 1:1 문의를 남기는 화면입니다.,"• FAQ 항목 | Button | - | 클릭 시 선택한 질문의 답변 내용 표시
• 1:1 문의 | Button | - | 클릭 시 1:1 문의 기능 표시
• 하단 내비게이션 | Button | - | 홈/이야기/마이페이지 화면 이동",,"• 등록된 FAQ 없음 | ""등록된 FAQ가 없습니다"" | 현재 화면 유지
• FAQ 조회 실패 | ""FAQ를 불러오지 못했습니다"" | 현재 화면 유지 후 재조회
• 1:1 문의 기능 조회 실패 | ""문의 기능을 불러오지 못했습니다"" | 현재 화면 유지 후 재시도","• FAQ 항목 클릭 → 현재 Depth2: 3.4 고객센터 내 선택한 답변 내용 표시
• 1:1 문의 클릭 → 현재 Depth2: 3.4 고객센터 내 1:1 문의 기능 표시
• 하단 홈 클릭 → Depth2: 2.0 홈 화면
• 하단 이야기 클릭 → Depth2: 2.2 이야기 목록 화면
• 하단 마이페이지 클릭 → Depth2: 3.1 내정보
• 실패 시 → 현재 화면 유지",,필수
,3.5 이용안내,,"서비스 이용 방법, 약관, 정책 등의 안내 콘텐츠를 조회하는 화면입니다.
","• 이용안내 항목 | Button | - | 클릭 시 선택한 안내 내용 표시
• 안내 내용 | Card | - | 선택한 이용안내 또는 정책 내용 표시
• 하단 내비게이션 | Button | - | 홈/이야기/마이페이지 화면 이동",,"• 이용안내 조회 실패 | ""이용안내를 불러오지 못했습니다"" | 현재 화면 유지 후 재조회
• 이용약관 및 정책 조회 실패 | ""약관 및 정책을 불러오지 못했습니다"" | 현재 화면 유지 후 재조회","• 이용안내 항목 클릭 → 현재 Depth2: 3.5 이용안내 내 선택한 안내 내용 표시
• 하단 홈 클릭 → Depth2: 2.0 홈 화면
• 하단 이야기 클릭 → Depth2: 2.2 이야기 목록 화면
• 하단 마이페이지 클릭 → Depth2: 3.1 내정보
• 실패 시 → 현재 화면 유지",,필수
,3.6 배지 보러 가기,,"사용자가 전래동화 독서습관 챌린지의 진행 현황(미션 단계, 수행 현황 진행바, 동화별 읽기 상태)을 확인하는 화면입니다. 
(MVP: 실제 데이터 연동 및 카드 클릭 등 인터랙션 없이 정적 UI만 노출)
> 화면 디자인: 피그마 원안 그대로 사용
","  • 미션 단계 배지 (예: 미션 2단계) | Card | - | -
  • 수행 현황 진행바 (3/7권) |	Chart | - | -
  • 동화 카드 목록 (8종, 읽기 전/읽는 중/읽기 완료 상태 표시) | Card | -	| -
  • 다른 이야기 보기 버튼 | Button | 	- | 클릭 시 Depth2: 2.2 이야기 목록 화면으로 이동",,,"  • 성공 → ""다른 이야기 보기"" 버튼 클릭 시 Depth2: 2.2 이야기 목록 화면으로 이동 (전체 이야기 목록 및 주제/난이도 필터가 표시되는 화면)",,추가